{
  "project_info": {
    "project_number": "661767508860",
    "firebase_url": "https://appmucsic.firebaseio.com",
    "project_id": "appmucsic",
    "storage_bucket": "appmucsic.appspot.com"
  },
  "client": [
    {
      "client_info": {
        "mobilesdk_app_id": "1:661767508860:android:78b31948c4fe40a7",
        "android_client_info": {
          "package_name": "com.example.halley.musicplayer"
        }
      },
      "oauth_client": [
        {
          "client_id": "661767508860-rl3lntoo6cqsqqbb1320afrn1a0sjnld.apps.googleusercontent.com",
          "client_type": 3
        }
      ],
      "api_key": [
        {
          "current_key": "AIzaSyBjyjSOm0WTrNDRfZKVvHde6DDBOclKkGA"
        }
      ],
      "services": {
        "analytics_service": {
          "status": 1
        },
        "appinvite_service": {
          "status": 1,
          "other_platform_oauth_client": []
        },
        "ads_service": {
          "status": 2
        }
      }
    },
    {
      "client_info": {
        "mobilesdk_app_id": "1:661767508860:android:87b9a05d28a239d7",
        "android_client_info": {
          "package_name": "com.example.taibui.appmucsic"
        }
      },
      "oauth_client": [
        {
          "client_id": "661767508860-rl3lntoo6cqsqqbb1320afrn1a0sjnld.apps.googleusercontent.com",
          "client_type": 3
        }
      ],
      "api_key": [
        {
          "current_key": "AIzaSyBjyjSOm0WTrNDRfZKVvHde6DDBOclKkGA"
        }
      ],
      "services": {
        "analytics_service": {
          "status": 1
        },
        "appinvite_service": {
          "status": 1,
          "other_platform_oauth_client": []
        },
        "ads_service": {
          "status": 2
        }
      }
    },
    {
      "client_info": {
        "mobilesdk_app_id": "1:661767508860:android:9877f5fd50148d0d",
        "android_client_info": {
          "package_name": "myapp.com.musicapp"
        }
      },
      "oauth_client": [
        {
          "client_id": "661767508860-aplclsqp24q8sjmc4o0023n5338hvblq.apps.googleusercontent.com",
          "client_type": 1,
          "android_info": {
            "package_name": "myapp.com.musicapp",
            "certificate_hash": "80d67c247bf81a0e3dbeac3701b0bfb569d26bc7"
          }
        },
        {
          "client_id": "661767508860-rl3lntoo6cqsqqbb1320afrn1a0sjnld.apps.googleusercontent.com",
          "client_type": 3
        }
      ],
      "api_key": [
        {
          "current_key": "AIzaSyBjyjSOm0WTrNDRfZKVvHde6DDBOclKkGA"
        }
      ],
      "services": {
        "analytics_service": {
          "status": 1
        },
        "appinvite_service": {
          "status": 2,
          "other_platform_oauth_client": [
            {
              "client_id": "661767508860-rl3lntoo6cqsqqbb1320afrn1a0sjnld.apps.googleusercontent.com",
              "client_type": 3
            }
          ]
        },
        "ads_service": {
          "status": 2
        }
      }
    }
  ],
  "configuration_version": "1"
}